ConceptScheme URI,http://w3id.org/tna-vocab/,
PREFIX,tna,http://w3id.org/tna-vocab/
dct:title@en,Tne National Archives pilot vocabulary,
dct:description@en,Vocabulary compiled for the pilot of LCD2,
dc:creator,The National Arcives,
dct:rights,https://creativecommons.org/licenses/by/4.0/,
,,
URI,skos:prefLabel@en,skos:scopeNote@en
tna:5d2ef9e9-e659-4b6f-a63c-dd1010fb73e2,backing joints,
tna:13353476-3b05-415f-841c-a0bd31790990,bookbinding (process),
tna:8c943ea0-b64a-4e07-844f-96c1e20f1fe2,edges,
tna:2af7d0e3-474f-4069-9cd0-2186c2016670,bookblocks,
tna:3fd4028c-a10e-43b2-9101-04c834410c70,books,
tna:c34a470c-c436-40bb-8459-77ae25325fec,collations,
tna:a1e1e12f-cafc-44d9-a4fe-cf08d0b277eb,color (perceived attribute),
tna:da79539a-01e4-416b-95b7-382589c73a6b,conservation (process),
tna:4f3deb49-37b7-4490-a34b-4b190751241c,conservators (people in conservation),
tna:7c756c09-7968-488b-a516-246d85c83acc,covers,
tna:63829106-eb9c-4f44-923a-0a0c321b6783,description,
tna:ff4aa938-4e28-468f-9533-add2af01354c,false bands,
tna:7ad61765-34b4-490f-9e04-3482cdcc60e2,gatherings,
tna:a5021022-5701-4d6f-beb3-2c745013b7fc,head,
tna:198f6540-e56f-49a2-b131-214e86297dc2,height,
tna:f437bcbc-d609-4198-865e-c24703abbd99,left,
tna:c17b23dc-ddeb-45cd-9b1f-c9d6a7df15b1,mm,
tna:a3322dd6-61db-4530-ac39-9a67fcd38453,primary sewing (endband techniques),
tna:f31f4a93-7472-44d8-960c-59b8a9cd9dad,right,
tna:25e18288-277d-4a1f-9bdc-11371640dc31,sewn structures,
tna:fc73b7bd-0022-4c6e-aa8e-32cfc8320d31,shelfmarks,
tna:3e71279b-ddd6-4649-a73a-b84b4d38dc97,solution,
tna:9c81ba61-4ad7-4a1b-95d4-a0b672915a65,solvent,
tna:d43db656-e235-41e3-8ab7-fb0a2180d8c8,spine (bookblocks),
tna:e237c617-6205-4a72-a8ba-db9f0532c30c,tail,
tna:7bf7137e-113c-4c83-86b7-e91409369953,textblocks,
tna:7d32dfa8-863c-4669-8258-58476769c7ab,thickness,
tna:27be7c46-35a3-471e-a707-427d395d2c8f,width,
tna:773d6439-ea07-4af1-96c2-b05f3ceb2022,consolidated,
tna:8139ac28-a531-430a-a084-50c543537373,repaired,
tna:aad6a0c7-50d2-46c2-b5cd-a13bbbfb3219,mechanical surface cleaning,
tna:16f88423-e886-40d4-91ff-3aff1d67810e,flattened,
tna:96097de1-46dd-40d0-8899-b5bb9f4558da,humidified,
tna:3c0f068c-8459-415e-93c3-15432326427b,stuck pages separated,
tna:aa2c429f-069f-4b6d-a46c-f4336e5cf324,mould cleaned,
tna:af3d5dba-95a3-446f-8c9f-fb2938d0e717,tape/adhered material removed,
tna:bdab5cae-14bb-4a5d-8556-fa3112c24e9f,old repairs removed,
tna:f63ee520-f3a8-49e6-88fb-98555230a99a,washed,
tna:d6420d60-6f12-4954-86ad-5f2681173a04,volume pulled,
tna:ebc727e1-e201-4146-97f9-8688d3ce58eb,infilled/pulp/leafcast,
tna:b46d416c-0432-4ad7-baea-322a3624ef95,backfold repaired,
tna:234c0e82-47d3-4d90-903b-6b91989d4443,lined,
tna:9478207f-0132-44ed-93cd-2e624efb3762,loose material attached,
tna:827e0da6-2289-499f-ac09-c6d3e2a3ed76,laminated,
tna:e03fac95-fd9b-494f-bee4-3703c97c77f9,new spine lining,
tna:4782ff13-7c01-40e2-bb63-e6f029a3a037,rounding,
tna:2697c02f-b474-4d50-8d02-5715fabb204b,backing,
tna:effff66a-6768-435c-a498-fa0fb94189db,adhesive removed,
tna:868b0071-f84b-47a0-9739-64d5e86882cd,lining(s) removed,
tna:846c90f2-8bf3-4331-a4c0-c589e18bf270,lining(s) repaired,
tna:cac33bb7-ebba-4a73-9cf5-72a5e870bfe4,original hollow repaired,
tna:3bb89e7d-4dd4-4ba9-9483-276c8149b0fe,new hollow added,
tna:fde6513c-9a66-4843-b034-59422742a8f9,re-sewn,
tna:e1527873-f128-4abb-9b42-081cf5cabe71,partially re-sewn,
tna:55b31b8c-3d69-4058-8450-599f49011fb7,sewing reinforced,
tna:3e776798-d1d0-421a-a773-11eb65598ed8,sewing support(s) reinforced,
tna:e05b519b-a675-418e-9f10-d58833f0cfb6,sewing support(s) replaced,
tna:1137b4bd-1a22-4479-b81d-06666801dfea,new endleaves added,
tna:0a658c8d-70de-4aad-8ae7-6ba3837f9e2a,lamination,
tna:b0d03171-6fd5-4de0-ab01-7db9814040f9,paper repair,
tna:185439a5-2971-411f-b650-9c8df26d6ebb,consolidated,
tna:0723ae1d-58d8-4454-8ffc-f774ed77c36d,guarding,
tna:6a8992b6-865c-4673-a094-c11c527ea305,stuck pages separated,
tna:05cb0b09-c50a-4fca-b305-6515214864ad,joint repaired,
tna:dd54347e-d8c9-4855-87ca-fefc230a92a8,hook guard repaired,
tna:ebfa6c0a-9e28-40b8-b3a2-403658746b13,hook guard added,
tna:d6fb2ad1-1ba7-42d3-a4f3-a3ee3811f1d8,endleaves lifted,
tna:a3f83777-03fc-4245-9343-7eb5d55abe13,re-backed,
tna:57592aa9-5aab-45be-915d-e1ff8aeff1f3,original board(s) reattached,
tna:476b795d-17f9-4385-981a-dce3ffb9014e,loose material attached,
tna:131c0853-4f7e-45ce-984e-bff856aa41c5,consolidated,
tna:ad0930c8-6cbc-4a9a-8324-ffa5220df463,outside joint strengthened,
tna:68019a05-560c-42c4-b18f-c5b24ca6a32e,repaired,
tna:e6e3afbd-0fd3-4d6a-a369-a2edf7815422,original spine reattached,
tna:dfdae9d1-cc82-4a00-bb40-638b05ba551a,lined,
tna:813bc7d0-6736-47d5-96ba-3a4919dea9aa,flattened,
tna:8e7df0c5-4ff7-4db3-9d29-f5634a02e778,original cover reattached,
tna:2f0a725e-33d3-4290-8b38-6e7cca755589,new cover,
tna:fce7af44-8065-48b3-b361-02bc42154a2c,old repairs and adhesive tapes removed,
tna:ff33cb5a-f817-4786-b77e-d33964d05028,leather dressed,
tna:72c8718a-2e39-4484-ad02-9325171bd622,mechanical surface cleaning,
tna:d6575252-aa3e-499d-bb20-1640c7af8284,original material retained,
tna:043a7fd8-a57f-41e4-93c8-1530a66a94e2,board corner repair,
tna:48b2d0ca-47ab-4195-9fec-b10b2872cd9a,new spine piece,
tna:964c130d-145a-475f-87aa-44fcb32c6145,paste wash,
tna:949dc6d8-1c19-4d95-a552-43b470fa66f3,new board(s) attached,
tna:76293ffd-c080-4f64-918e-64dd5f03027a,boards split,
tna:4803e9d4-7489-4211-a7d2-1b2c2636311e,four flap enclosure,
tna:84f60923-53e1-4d0f-961c-ca9ccb95200e,wrapper,
tna:0afe4541-eabc-46bf-a661-2b58cecdce5b,box,
tna:add7f9a6-c5ef-4ffb-8be6-a6b793a82039,polyester sleeve,
tna:a9695d12-900f-4fed-b9b4-0f17e3aef72e,custom made,
tna:c05dc5ce-f96a-4941-987e-66a4c4b9c677,dust jacket,
tna:4dfcd6f6-256f-4e22-8e79-0db776844d6d,envelope,
tna:b8798cc1-47ba-4a23-bb82-ccd990886637,slip case,
tna:511afd35-0ebd-4b98-91c6-c57011df050b,Aero cotton,
tna:642f2dfd-389f-4717-8ec9-e7d44dd14f08,Aero linen,
tna:4545fd05-843c-483e-8c24-85b2960d41aa,Alum tawed skin-calf,
tna:f498c977-30bf-4a18-9eb4-9f1de5720791,Alum tawed - not specified,
tna:bdc64bd6-5edc-404d-a4f9-be08561e096c,Alum tawed skin-goat,
tna:bc9d7e40-96fb-4065-8941-f93071bccf4f,Archival cover paper - grey colour (350 gsm),
tna:3b630a69-973a-4be6-97cc-037871516c7c,Archival cover paper - sand colour,
tna:7696d664-df66-434a-b45b-9b7f299dbbe1,Archival document repair tape,
tna:cde9fed3-fa8a-4138-a0fa-1746945a42cc,Archival grey manuscript folder,
tna:17505190-f2a2-4ff1-a8f7-ec9c08253638,Archival grey/white folding boxboard - 1300 mic,
tna:bea79407-e469-43b7-8224-b256ab33e5a7,Archival Kraft paper,
tna:1ea2069b-cdb4-4400-b352-5736aa5ec47c,Archival pHotokraft paper white 350gsm,
tna:017e1149-c2ee-40b4-a678-2b2c9cb751f2,Archival spider facing tissue,
tna:50047424-ef7f-442d-8465-9154ca797178,BEVA 371 film,
tna:a4146818-79b9-4b79-96d1-449ac498e73e,BEVA 371 gel,
tna:d195aeef-326f-4b71-bcac-a96a007f8fd3,Bloomsbury laid 70 gsm,
tna:47c4ba86-c725-4f6f-a3f4-e356b33ae917,Blotting paper 300 gsm,
tna:f8c4ecb4-1e45-495a-abc6-afac8cc99daf,Blue ledger paper 65 gsm,
tna:95ad7657-95b3-4682-8432-fc0d5b258035,Bodleian handmade laid paper 20lb,
tna:325cca12-0a33-4237-bcfd-549d03c4acbb,Bondina 100 gsm,
tna:3edadb36-1f20-48dc-8575-dbeae6726d12,Bondina 30 gsm,
tna:91a4780f-84c0-4a44-8138-829c6be510cf,Book cloth,
tna:44dba229-7e6e-45cf-8cff-82e98aa9c3b0,Capillary Matting,
tna:9a600fa4-4534-467b-9850-2903d9dee7e9,Caecum 1 layer,
tna:98bbe2c7-fc57-45dc-a3f3-e27364dcb97d,Caecum 2 layers,
tna:4c18ad8d-ea1d-4aa9-95fe-8b1ec4d9510b,Caecum 3 layers,
tna:142ce1aa-118c-41b8-b366-bdde6bf2e16d,Cotton tying tape,
tna:e24d8e07-7379-44aa-ab98-f15efc717806,"Cover paper, PC4BLU, Blue",
tna:8985c330-cc4d-40dc-be1d-c00d92fc3f5a,Crepe Rubber Eraser,
tna:5a3da7f3-eaf7-4de9-aa30-0f09ff4c95a2,Dover laid paper,
tna:65015dca-728e-4c04-96d5-e56dee6a99b9,E flute corrugated board,
tna:6fe622df-dcc6-4344-bb92-1758c7da06f1,Felt 3mm - 35 density,
tna:90d372bd-a77f-448a-91bd-c123f65ebb78,Felt 5mm - 40 density,
tna:63647391-27d9-4e3d-b3d5-bb4db0594244,Fleece (white polypropylene felt),
tna:7f54b8aa-22ed-4d3e-a155-3f16a81cd8f0,Foam-core,
tna:b1d6c3f2-c2f1-4c48-988a-ffbe4c5e00bd,Fraynot cloth,
tna:1f506f52-98de-4f73-b650-e980651be74d,Gampi Kozu Kongoshi 21gsm,
tna:86435ca1-3ae2-40aa-a68f-36430848087f,Gampi-shi 14 gsm,
tna:4e91da1b-f136-4e89-80e6-8e4a0f7bbb6f,Gator foam board,
tna:c4a078e6-27ad-4ccb-bb28-e83bfb5c559a,Glass fibres,
tna:23d0d97f-fae4-4941-83a2-299f10e8aa44,Gore-tex,
tna:b7959353-1c70-4166-9cf5-b10ed94dbd81,"Gummed paper tape, brown",
tna:eb16adfd-394e-4e36-8fa9-aa2e5deb15f1,"Gummed paper tape, white",
tna:30b0fbe5-e54b-4689-a73a-c23e52c5c895,Handmade cover paper blue,
tna:c239ded5-fbfc-4293-9dff-6d1f228a2d05,Hemp cord,
tna:abf86899-afbf-43c5-9a62-94858bcf1d6e,Imitation Japanese vellum 130 gsm,
tna:4275a531-43a2-4cd3-8642-f3858ccd5c95,Indian brown handmade paper,
tna:2cf827f7-2fe1-446f-97f0-8f95e51f6f8a,Japan Atsukuchi 57 gsm,
tna:3e8775d7-ac77-40ad-bf8b-4378dd501604,King Charles I laid paper,
tna:720e8dd1-ef20-4190-a71c-8713121402d6,Kozo RK-00 3.6 gsm,
tna:f2be1e61-8aeb-40a9-b8ef-d799fb2f397d,Kozo RK-01 3.6 gsm,
tna:4339ba48-62ff-4902-961c-0dd36cbee78b,Kozo RK-17 19 gsm,
tna:6d2efa1f-bb7d-48ca-9dad-48687744981d,Kozo RK-19 32 gsm,
tna:d955de3c-8b6d-4566-a654-08f279754a7d,Kozushi 23 gsm,
tna:c72f51a8-8911-4056-b71c-dc83792ff63a,Leather - calf,
tna:27c7213d-adb4-40b0-a1f9-3af0c9b6da5a,Leather - goat,
tna:9ad7a54d-ed50-4442-a849-61490bd43f30,Leather - pig,
tna:365327d1-7a48-4f1c-abe6-05af7d146506,Linen tape,
tna:f517d2b7-2548-4c37-a1dd-ec924b867a18,Linen thread 16/2 hard satin,
tna:81bf31f3-81d0-4c1e-bb13-4ff8c0fb2b6c,Linen thread 16/3 satin,
tna:58b6ed79-5146-4a27-887f-3dddc0a30d48,Linen thread 16/4 satin,
tna:696da320-8d94-4450-95fc-16468d374d35,Linen thread 16/5 hard satin,
tna:07617d48-c463-4c2b-801e-e66db3c5ac7b,Linen thread 35/3,
tna:ac02099b-cd6f-42fd-95fc-434014a95bd0,Matt-lustre,
tna:730fdf44-f32a-417b-babe-e639b62cb79b,Microchamber microleaf endpaper,
tna:78cd3f36-e4ef-4ca4-9ae7-96cea9d5f3ce,Mill board (green) 1.5 mm,
tna:397a130f-f1ba-450b-88cb-285fdaf2231a,Mill board (green) 1.8 mm,
tna:f577af0c-c86a-4e2f-bfea-72b297d48929,Mill board (green) 2.3 mm,
tna:be41a4c5-61a0-4d91-a6bc-7d9f915dce1d,Mill board (green) 2.9 mm,
tna:03759496-ab97-4db5-b603-83b6c956427c,Millboard (grey) 1.0 mm,
tna:e94369e3-142f-4a3b-8572-8cfe2782dc16,Mingeishi coloured Japanese paper,
tna:6bad250f-5e94-4e2e-8942-e2521e9ea15c,Minogami Chuniku Ishibaini K32 45 - 50 gsm,
tna:493624d0-2a6b-411c-8e76-cde8ef19784c,Minogami Usukuchi K36 25 gsm,
tna:d49cf7d6-5e04-4a7c-a8a2-93e98a3a6b4c,Minogami Usukuchi K3 19 gsm,
tna:53c1430b-facd-4e12-8491-9ce2656526f9,Mould made cream laid 22lb,
tna:0595a72e-deac-475e-ba0f-09cdaff26a69,Mould made cream laid 232lb,
tna:a1d4348c-0f38-4db2-bfba-74b550e583d5,Mould made stone 20lb,
tna:a5dcb2c7-a257-4e90-abab-bd1667b6699c,Mould made stone 22lb,
tna:ced5bfcb-38d9-41cc-9e9c-e47da92220db,Moulin du verger cover paper 380 gsm,
tna:5ab16e58-5ffc-4dd7-8bcb-2fd5504e7bd1,Moulin du verger 120 gsm,
tna:bb984bad-24e6-44d3-a937-955852960aac,Moulin du verger paper 55 gsm,
tna:5db1278d-45da-44c7-9291-badf0c8a451f,Moulin du verger 80 gsm,
tna:efd8ca0b-2863-4eb9-ba46-a6e33c7e4486,Museum board cream 1100,
tna:4469e8c5-587d-4381-a0a9-3798b4416e9a,Museum board cream 1650,
tna:d31b9f6d-e5a1-4576-a9a6-a2abdb03ed2e,Museum board cream 2200,
tna:be679c01-c8db-46b4-9f44-c16399d8e259,Museum board TG off white 1100,
tna:a495ed47-c4eb-48eb-a155-f487877518ce,Museum board TG off white 1650,
tna:b0a3f114-a604-4512-8e63-56487fada758,Museum board TG off white 2200,
tna:55bde75a-f710-4ea0-a691-0ae6be26c49f,Nylon mesh,
tna:9c7891b4-3955-4adb-a224-2e6744a5e8ae,Paraprint OL60 non-woven fabric,
tna:ec33e013-352b-42fc-ad78-c37513f96b84,PEL softwrap,
tna:511b5fcb-597a-44fd-9fbc-0e9411655316,pHoton paper 80 gsm,
tna:dcc3e0fd-d127-4021-98c3-7488c43944c1,Plastazote foam,
tna:751ba78e-3a1e-41a8-94cb-5ed562216782,Polyester 100 micron,
tna:e21c17cc-8431-4148-9495-db150486c8fb,Polyester 75 micron,
tna:c62867cc-3732-4a84-8bb7-0c38966ed7b6,Polyester sleeve (A4),
tna:5c4b3924-1edd-43cb-8bea-e3f308826696,"Polyester sleeve (6x4"")",
tna:03ded261-b3ec-4d8b-a6f1-f16a0d20d5ca,Polyester sleeve (slides),
tna:472d02e2-a8e0-41ce-820f-1512f67ac2be,Polyester thread,
tna:7514f06a-2ac1-4d6a-b9d0-92029f7599ed,"Polythene, clear 250 gauge",
tna:61351c67-cf87-45fc-8b70-06d3d1211883,"Polythene, clear 400 gauge",
tna:3f737d65-10c3-4b0b-8b2b-1e2f430dfc1f,Queen Anne dark wove 65 gsm,
tna:ba57534a-8e19-461f-a92a-22439c4ebd42,Rag endleaf - 120 gsm,
tna:3179d222-59e0-4738-a493-f25b9c0d9677,Rag endleaf - 160 gsm,
tna:5144761d-5957-43da-a135-dc8f6fca97ec,Rayon paper,
tna:c71e9a58-a1df-4429-ab3e-7557876fd447,Reemay,
tna:6a394556-77f4-4b7c-8628-56be82c77743,Royal Greenwich laid paper,
tna:82467d6c-f4a6-4929-a972-70a23e808290,Ruscombe Mill dark wove (65 gsm),
tna:62d23ed2-e7b4-43f8-b57a-8d9be4ca455f,Ruscombe Mill 1890's laid (110 gsm),
tna:3d6d5cdb-da22-4256-bf5e-3edb34430d71,Ruscombe Mill cream wove (65 gsm),
tna:f69a19ba-12eb-48e4-9a7c-815f94348e64,Ruscombe Mill dark laid (65 gsm),
tna:b4af833c-009a-44f7-b0aa-0724bb060aff,Ruscombe Mill dark wove (90 gsm),
tna:94af1a65-c10d-438d-ae68-8bbffcd44d53,Ruscombe Mill off white (65 gsm),
tna:e14d77b9-98e9-4703-839f-1053868928b6,Ruscombe Mill fine off white laid (25 gsm),
tna:ef73eeb4-c695-4a2a-98d9-71a8b74d2aec,Ruscombe Mill stone laid (65 gsm),
tna:bae7d409-d0d4-4d17-88c3-ae40f605a33e,Sanford magic rub eraser,
tna:f8ab523b-8992-4cb3-b24a-f693372af035,Sekishu Hanshi K25 25 gsm,
tna:0ed43525-8ecd-4797-99f2-edad445a5c43,Sekishu Natural 34 gsm,
tna:532a1feb-73ae-483a-b11c-aa4046d9c9ea,Sekishu Shi 31 gsm,
tna:a4048688-1758-466d-b225-ff64fabe1d69,Silicone release paper,
tna:c0bc6808-6862-471e-af32-b6a0e60f358b,Silversafe photostore 120 gsm,
tna:cef4c0bd-03ef-4f01-846f-1af02483470d,Silversafe photostore 40 gsm,
tna:26f65c82-54a1-46ad-888c-42f9f9b776e1,Smoke sponge,
tna:72a207e6-4135-40d2-8eda-6c184883688b,Spider's wet strength tarantula tissue,
tna:129e6bd6-6025-4a55-a934-65ae003f0b20,Staedtler Mars plastic eraser,
tna:a578ff44-ed8d-4da3-bd89-0d17667205c3,SympaTex,
tna:e1102fd2-bfda-49f5-9aa9-9a0d0827ba3f,Leather - not specified,
tna:855a6208-0c5b-4837-a55e-71c5fd92ee1a,Tengujo 1907/1002 11 gsm,
tna:3a75eb2c-6ff5-4572-970e-9d936d903fa4,Tengujo (Bib) 12 gsm,
tna:43e1cafc-6117-49ff-be29-11b2587d4126,Texicryl Film,
tna:6794542a-1e50-4fd2-bde7-84135a6c8884,Tosa Kozoshi Kasaban 46 gsm,
tna:585d5a43-9890-4664-a100-9ec9a94cc982,Twine,
tna:6d4efb2f-53e2-4554-b184-5582e790d449,Tyvek DuPont 1443R 43 gsm,
tna:cae94420-8053-475e-a687-882c42b683d4,Tyvek Seal Bag Fleece,
tna:4a9eba6d-18f1-4c24-af7e-d9ffd194aef3,Unbuffered acid free tissue paper,
tna:059339a2-010e-465f-b644-8b0471316404,Urishikoshi - Kozo 5.7 gsm,
tna:188850f3-b2ca-42a3-9c88-1fca7d0daabe,Usu mino 28 gsm,
tna:085dc14a-5ec2-46d3-8a9a-04f2c74aa76b,Unsu mino K38 16 gsm,
tna:e7e2a55a-913f-46e7-8fe7-9cd511e646a1,Vellum calf skin,
tna:e87a3fbf-3d39-4efc-994b-fe7db09b6f56,Japanese paper,
tna:328b2a07-cc5f-4e19-a1c7-4dfce3b22556,Museum Board - not specified,
tna:c0e4a3f3-8329-4a77-9291-e7cfbf0db7ed,Western paper - not specified,
tna:d5d102de-84a8-448d-8314-881540552d2e,Mull,
tna:602fcbe6-3ea5-4d3e-9bcc-f208b4bdacaa,Acematt HK 125,
tna:ec4d3175-5a0e-4f37-87bd-57d97072a702,Acrylic inks,
tna:d9826886-8706-42fc-80e5-44ebf0eace37,Acrylic paints,
tna:abe5c64c-b6ab-4f77-8c0b-1313144505ca,Agar powder,
tna:0663280e-3d54-45a6-995d-84359085a5b2,Alpha-amylase,
tna:6528634b-927f-4107-be0f-3e9ea61afa76,Aquazol 500,
tna:fad82280-dfc3-47a8-b249-0195d9b3d3f4,Beeswax,
tna:f8b89792-f401-414b-af15-31b5709cb764,BEVA gel,
tna:18cec97f-33be-4682-bfde-7b3ae810767b,Calcium acetate hydrate,
tna:ab1d0538-1f72-4f9b-89c1-878d9bd180cb,Calcium carbonate,
tna:4d866a55-2474-43dc-aca2-3e02255d65f8,Cartasol dyes,
tna:440fc727-dac4-4476-874c-406afecd95b0,Cellulose powder,
tna:3291b91a-a31d-43b8-97cf-e6b458c58528,CMC refined,
tna:999983c1-2c00-4599-9f81-84591f4d6a5a,Cyclododecane,
tna:e7c1b0e6-633c-4a05-9dd8-0076ea0212cb,EDTA,
tna:a2593ffd-02fb-44be-a401-e6797b4fc216,Evacon-R,
tna:d51f3f5f-b3ab-4f3b-bc59-63a19e16cad5,Evasol,
tna:82ab028a-b5c6-4bcd-8b0c-05c1a04bc2ba,Funori,
tna:ad864b6a-afdb-4099-95ea-2999c78bd658,Gelatin 100 bloom,
tna:7c094306-8d80-4d98-919c-320204469a12,Gelatin 180 bloom,
tna:1bcfbb93-1b25-4269-a11f-73048e321203,Gelatin 221 bloom,
tna:1a6bfaa4-f40c-4129-b830-f39b1637cd4d,Gelatin 225 bloom,
tna:dea55f4b-c66b-4d53-8598-6fc15c591662,Gelatin 287 bloom,
tna:e592df48-2a7a-4f21-9367-0c4db8d9be79,Gelatin food grade,
tna:dbfd798e-7eb9-4399-8a10-1e6bbb04ab0a,Gelatin granular powder G/0150/53,
tna:327d9236-7bb6-4ec3-9f7a-12ad5dd79008,Gellan gum powder,
tna:5c650b05-3521-4163-9705-4d4a7aacacd9,Isinglass,
tna:a9895cdc-c1ac-4f0c-b89d-5756276b8893,Jade adhesive 403N,
tna:474c67e1-dbc4-4e72-bfc7-c632a595f358,Klucel G,
tna:ee721730-662d-4222-8b78-66e6dd2ca5b3,Laponite RD,
tna:753c8341-d3e4-4bb9-a43f-4780013f5c7b,Lascaux 303 HV,
tna:09f74b0b-c9eb-4b87-80cd-d49523c46e20,Lascaux 360 HV,
tna:6de08d87-4c1f-4a60-9e57-de2befcc18a3,Lascaux 498 HV,
tna:b324a129-c454-4844-85c6-aa1c784305fb,Methyl cellulose 2000,
tna:638bf2d4-8180-484d-8b09-8c07f7280aad,Methyl cellulose A4C,
tna:4d961ef4-1aac-4175-9792-75391bb92e0e,Methyl cellulose A4M,
tna:ab6d1b0b-cdff-41b3-bf16-6ab23f28c194,MHPC 400,
tna:0a8b6ca9-be7c-400c-a207-21a8e608ab1c,Mowiol 4-88,
tna:3ffd5ac8-c27e-470a-a090-32530094cbc8,Mowital B 60HH,
tna:da71ce62-0b5a-45ad-a6b4-5e360b90c99a,Paraffin Wax,
tna:d8658224-48df-4404-93d2-1f8974e0564c,Paraloid B72,
tna:7834d36c-05bd-48fd-a6ef-a9c35866abd1,Pearl glue,
tna:f0b2af66-9a2c-468b-b5a2-7db16f3648d4,Poval PVA 505,
tna:8684944e-266a-46db-af26-95e6abb4fa73,Poval PVA 80,
tna:9974f654-5dcc-463f-8c4a-e2a061c3ca52,Resin (colophony) pale amber,
tna:c6284d8d-f01f-4fa2-b49e-c47331c27f1d,Reversible PVA Adhesive,
tna:fcb5b13a-0e1f-4173-835e-f70fce9e8c18,Sellafix dye fixative,
tna:b40c4ebe-d81c-450e-aeb8-bfc7ca194e1c,Sellaset dyes,
tna:4fea25bd-7e38-45f5-86e4-8408f8e9ea58,Shoufu,
tna:5925386a-54ea-495e-a25b-a643ec527bca,Speciality EVA adhesive,
tna:295a88cc-87f2-48f4-b390-16127f014196,Starch wheat,
tna:4159237d-d92c-459d-b1ff-4eddd0d69209,Triammonium citrate,
tna:29ac85b6-fefc-462a-9d95-34518f3861e2,Trypsin,
tna:c2b9cc34-03d1-421f-b765-acee0a6eb5a0,Tylose MH - 300,
tna:d37ca596-7672-42ea-905d-ede1e49a4f0e,Tylose MHB - 3000,
tna:cd06e2b9-4413-43c9-b899-9cb8be2645ce,Ultrabond heatset adhesive,
tna:c7e0838c-8197-429f-8189-60d29d8c321a,Unsupported Texicryl,
tna:90e47f50-91b6-4bf3-9ac9-0849244193ca,Watercolour paints,
tna:baf35a9c-5c93-4f68-bcac-8c99413f43e0,Xanthan gum powder,
tna:af44d980-e432-4315-87f1-51d86b8069d9,Gelatin - not specified,
tna:9dced0bd-d74b-4642-8500-5e9364ef067c,Methyl cellulose - not specified,
tna:50cf7ba0-cbba-48f6-a3cf-fc93045b6614,Acetone,
tna:b0e0aec3-6354-4686-ae5e-7b075035edb1,Benzyl alcohol,
tna:6b815971-eec1-4b72-9f0a-3899319db618,Cyclomethicone D5,
tna:e4bdf26c-2842-47bb-a1e3-b6230bdf7da5,Distilled Water,
tna:8bc09dd5-258b-46ee-b846-7adafb32cc94,Ethanol,
tna:f4cad3b8-0cc4-4fa1-9f99-63afd82e520c,Ethyl acetate,
tna:b43d9bfd-46d4-410e-b86c-dc8d038c1a11,Ethyl methyl ketone,
tna:f917361e-8ba1-4649-83b3-96885be4aa96,Industrial methylated spirits,
tna:d545f1c8-a032-4a02-a951-f6bdb885d673,Methanol,
tna:9072270b-c804-4dec-bd8c-c4eb81ec3f3a,Propan-2-ol,
tna:b1604e5a-f008-4e33-bd8c-fc79c543b0ee,Turpentine oil,
tna:78826b95-8699-46bd-ac24-08bfae98f846,Xylene,
tna:791a37e9-2923-4e83-a596-5bccd15b3c7f,Gold leaf,
tna:1cc2b391-77b2-44b1-b498-65ae7dd67e60,Magnesium Bicarbonate,
tna:adf879f2-722e-431a-9b84-9d4bead51687,Magnesium hydroxide,
tna:dae4ce6e-17c4-4560-89b2-c6b4ceb4bbeb,Texicryl bonded fibre,
tna:9cda351c-b3e9-4582-8c35-d3b304babcb6,Area bonded fibre,
tna:1c607ecb-68ef-4a0d-bb9a-678009340651,Archival rag endleaf,
tna:aef6e62a-82d2-4bbd-8f6c-1555d0d2a4ac,Linen,
tna:1fbde42a-874a-4c99-9590-3eb48439a8cd,Thread,
tna:560b5607-b414-4977-91c3-8a3b87bd0f35,Sugar paper,
tna:c0778ba5-3db6-4eb8-8e43-57af361fbe13,Buckram,
tna:415cdba9-b3d6-4f0c-b90b-398df42f9448,Swift,
tna:ad478f9a-f546-4fe1-9447-eb18050192b9,Clam,
tna:5826156e-306e-4874-8775-9299d77298aa,Woolfat,
tna:556a373f-6409-4088-bdc3-b61a05bbb498,Neatsfoot,
tna:ae2f3a18-dae2-435f-b485-ebc1fc65ea3d,Parchment size,
tna:6088c975-f622-4720-b235-9f72037762bd,Animal glue,
tna:0edb4485-1ff1-4e58-8b26-065fe289654b,Renaissance wax,
tna:eda781a6-9947-4201-8c26-8b0c6b46e0ec,Hot glue,
tna:dd91eccf-00b8-4b07-b9c3-9adaf8efc9f1,Rice starch paste,
tna:38b2689c-0a08-4004-bb93-f204f47a3fc3,PVA,
tna:96363961-6863-4283-a1d1-a7cfc7580f2c,Tenaxatex 532/0513,
tna:2e2dd862-2091-42da-a7b9-60ae6b218492,Anhydrous lanolin,
tna:95de0bc4-5c73-4f98-83fe-b64279ed0c5e,Lissapol,
tna:33258881-c175-40f9-be1f-2ccac3aceb41,endleaves,
tna:e15acaf0-b008-4633-84d1-eb15b7d2475b,damaged,
tna:e808420b-db71-47a1-92cc-a88de1b6746a,sewing supports,
tna:853bcc22-8226-4690-9959-d7ea480fea99,inner joints,
tna:6aa637b5-06a0-42d9-89c0-b75a39e1e0e3,boards,
tna:0a5ae7f3-c814-430b-a48b-a0f9632db6d6,detached,
tna:3ab75bcb-c0cc-4e1e-9384-6d8c975db225,reattaching,
tna:47072b7c-4a4c-479c-a19b-27c1a8f4f09e,sewing,
tna:dcb93a3a-e53a-49c6-8945-8dffb39ed045,spine,
tna:f4196db6-948f-43c1-be1c-035cb51a8921,spine piece,
tna:240e44f6-6191-483a-8d6e-bea3c1bef719,broken,
tna:7f7a1ec4-b4e9-41db-bf5d-96409fdc3d8c,distorted,
tna:abd768d0-5b65-4f84-8975-86d1bc3e3ddb,corners,
tna:4fd286d2-b1e5-4aca-bf61-63c75da60ca1,spine lining,
tna:bc6e4cfe-2f59-4de8-a91f-dfc0c2bbadab,covering material,
tna:b0d6e637-c2b4-4373-a609-1311e3b1ca6f,degraded,
tna:8630bb2a-c966-41ee-88d0-2a8ba505e622,losses,
tna:d2841aa9-1803-4c57-90c4-730d3c3bc926,spine-folds,
tna:d6ca1b7a-18dc-4957-a991-9e07f534b092,outer joints,
tna:0aa8d15f-fecd-4e4b-877c-1a601dec965b,mold,
tna:c509f55c-6629-404f-955b-f52b27e4cd6c,paste,
tna:2e98164c-660c-4a16-9b23-36d8d40dafce,lifting,
tna:34ba4152-9f49-4857-93bc-b57bb3ff942c,washing,
